cve,severity,reward,bug_tracker_id,bug_tracker_url,description,reporter,report_date,release_post_url,release_post_title,release_published,raw_line
CVE-2026-6363,Medium,N/A,495751197,https://issues.chromium.org/issues/495751197,Type Confusion in V8,Google,2026-03-24,https://chromereleases.googleblog.com/2026/04/stable-channel-update-for-desktop_15.html,Stable Channel Update for Desktop,2026-04-15T10:45:00.000-07:00,[N/A][495751197] Medium CVE-2026-6363: Type Confusion in V8. Reported by Google on 2026-03-24
CVE-2026-5861,High,$3000,486927780,https://issues.chromium.org/issues/486927780,Use after free in V8,5shain,2026-02-23,https://chromereleases.googleblog.com/2026/04/stable-channel-update-for-desktop.html,Stable Channel Update for Desktop,2026-04-07T14:27:00.000-07:00,[$3000][486927780] High CVE-2026-5861: Use after free in V8. Reported by 5shain on 2026-02-23
CVE-2026-5862,High,TBD,470566252,https://issues.chromium.org/issues/470566252,Inappropriate implementation in V8,Google,2025-12-21,https://chromereleases.googleblog.com/2026/04/stable-channel-update-for-desktop.html,Stable Channel Update for Desktop,2026-04-07T14:27:00.000-07:00,[TBD][470566252] High CVE-2026-5862: Inappropriate implementation in V8. Reported by Google on 2025-12-21
CVE-2026-5863,High,TBD,484527367,https://issues.chromium.org/issues/484527367,Inappropriate implementation in V8,Google,2026-02-14,https://chromereleases.googleblog.com/2026/04/stable-channel-update-for-desktop.html,Stable Channel Update for Desktop,2026-04-07T14:27:00.000-07:00,[TBD][484527367] High CVE-2026-5863: Inappropriate implementation in V8. Reported by Google on 2026-02-14
CVE-2026-5865,High,TBD,491884710,https://issues.chromium.org/issues/491884710,Type Confusion in V8,Project WhatForLunch (@pjwhatforlunch),2026-03-12,https://chromereleases.googleblog.com/2026/04/stable-channel-update-for-desktop.html,Stable Channel Update for Desktop,2026-04-07T14:27:00.000-07:00,[TBD][491884710] High CVE-2026-5865: Type Confusion in V8. Reported by Project WhatForLunch (@pjwhatforlunch) on 2026-03-12
CVE-2026-5871,High,TBD,495679730,https://issues.chromium.org/issues/495679730,Type Confusion in V8,Google,2026-03-24,https://chromereleases.googleblog.com/2026/04/stable-channel-update-for-desktop.html,Stable Channel Update for Desktop,2026-04-07T14:27:00.000-07:00,[TBD][495679730] High CVE-2026-5871: Type Confusion in V8. Reported by Google on 2026-03-24
CVE-2026-5873,High,TBD,496301615,https://issues.chromium.org/issues/496301615,Out of bounds read and write in V8,Google,2026-03-25,https://chromereleases.googleblog.com/2026/04/stable-channel-update-for-desktop.html,Stable Channel Update for Desktop,2026-04-07T14:27:00.000-07:00,[TBD][496301615] High CVE-2026-5873: Out of bounds read and write in V8. Reported by Google on 2026-03-25
CVE-2026-5893,Medium,TBD,487768771,https://issues.chromium.org/issues/487768771,Race in V8,QYmag1c,2026-02-26,https://chromereleases.googleblog.com/2026/04/stable-channel-update-for-desktop.html,Stable Channel Update for Desktop,2026-04-07T14:27:00.000-07:00,[TBD][487768771] Medium CVE-2026-5893: Race in V8. Reported by QYmag1c on 2026-02-26
CVE-2026-5904,Low,TBD,483851888,https://issues.chromium.org/issues/483851888,Use after free in V8,Zhenpeng (Leo) Lin at depthfirst,2026-02-12,https://chromereleases.googleblog.com/2026/04/stable-channel-update-for-desktop.html,Stable Channel Update for Desktop,2026-04-07T14:27:00.000-07:00,[TBD][483851888] Low CVE-2026-5904: Use after free in V8. Reported by Zhenpeng (Leo) Lin at depthfirst on 2026-02-12
CVE-2026-5279,High,TBD,490642836,https://issues.chromium.org/issues/490642836,Object corruption in V8,Hyeonjun Ahn (@_deayzl),2026-03-08,https://chromereleases.googleblog.com/2026/03/stable-channel-update-for-desktop_31.html,Stable Channel Update for Desktop,2026-03-31T12:31:00.000-07:00,[TBD][490642836] High CVE-2026-5279: Object corruption in V8. Reported by Hyeonjun Ahn (@_deayzl) on 2026-03-08
CVE-2026-4447,High,TBD,486657483,https://issues.chromium.org/issues/486657483,Inappropriate implementation in V8,Erge,2026-02-23,https://chromereleases.googleblog.com/2026/03/stable-channel-update-for-desktop_18.html,Stable Channel Update for Desktop,2026-03-18T10:21:00.000-07:00,[TBD][486657483] High CVE-2026-4447: Inappropriate implementation in V8. Reported by Erge on 2026-02-23
CVE-2026-4450,High,TBD,487746373,https://issues.chromium.org/issues/487746373,Out of bounds write in V8,qymag1c,2026-02-26,https://chromereleases.googleblog.com/2026/03/stable-channel-update-for-desktop_18.html,Stable Channel Update for Desktop,2026-03-18T10:21:00.000-07:00,[TBD][487746373] High CVE-2026-4450: Out of bounds write in V8. Reported by qymag1c on 2026-02-26
CVE-2026-4457,High,TBD,488803413,https://issues.chromium.org/issues/488803413,Type Confusion in V8,Zhenpeng (Leo) Lin at depthfirst,2026-03-01,https://chromereleases.googleblog.com/2026/03/stable-channel-update-for-desktop_18.html,Stable Channel Update for Desktop,2026-03-18T10:21:00.000-07:00,[TBD][488803413] High CVE-2026-4457: Type Confusion in V8. Reported by Zhenpeng (Leo) Lin at depthfirst on 2026-03-01
CVE-2026-4461,High,TBD,490558172,https://issues.chromium.org/issues/490558172,Inappropriate implementation in V8,Google,2026-03-07,https://chromereleases.googleblog.com/2026/03/stable-channel-update-for-desktop_18.html,Stable Channel Update for Desktop,2026-03-18T10:21:00.000-07:00,[TBD][490558172] High CVE-2026-4461: Inappropriate implementation in V8. Reported by Google on 2026-03-07
CVE-2026-3910,High,N/A,491410818,https://issues.chromium.org/issues/491410818,Inappropriate implementation in V8,Google Threat Analysis Group,2026-03-10,https://chromereleases.googleblog.com/2026/03/stable-channel-update-for-desktop_12.html,Stable Channel Update for Desktop,2026-03-12T14:14:00.000-07:00,[N/A][491410818] High CVE-2026-3910: Inappropriate implementation in V8. Reported by Google Threat Analysis Group on 2026-03-10
CVE-2026-3926,Medium,$7000,478659010,https://issues.chromium.org/issues/478659010,Out of bounds read in V8,qymag1c,2026-01-26,https://chromereleases.googleblog.com/2026/03/stable-channel-update-for-desktop_10.html,Stable Channel Update for Desktop,2026-03-10T11:44:00.000-07:00,[$7000][478659010] Medium CVE-2026-3926: Out of bounds read in V8. Reported by qymag1c on 2026-01-26
CVE-2026-3543,High,TBD,485267831,https://issues.chromium.org/issues/485267831,Inappropriate implementation in V8,qymag1c,2026-02-18,https://chromereleases.googleblog.com/2026/03/stable-channel-update-for-desktop.html,Stable Channel Update for Desktop,2026-03-03T11:07:00.000-08:00,[TBD][485267831] High CVE-2026-3543: Inappropriate implementation in V8. Reported by qymag1c on 2026-02-18
CVE-2026-2649,High,TBD,481074858,https://issues.chromium.org/issues/481074858,Integer overflow in V8,JunYoung Park(@candymate) of KAIST Hacking Lab,2026-02-03,https://chromereleases.googleblog.com/2026/02/stable-channel-update-for-desktop_18.html,Stable Channel Update for Desktop,2026-02-18T13:13:00.000-08:00,[TBD][481074858] High CVE-2026-2649: Integer overflow in V8. Reported by JunYoung Park(@candymate) of KAIST Hacking Lab on 2026-02-03
CVE-2026-1862,High,TBD,479726070,https://issues.chromium.org/issues/479726070,Type Confusion in V8,Chaoyuan Peng (@ret2happy),2026-01-29,https://chromereleases.googleblog.com/2026/02/stable-channel-update-for-desktop.html,Stable Channel Update for Desktop,2026-02-03T12:43:00.000-08:00,[TBD][479726070] High CVE-2026-1862: Type Confusion in V8. Reported by Chaoyuan Peng (@ret2happy) on 2026-01-29
CVE-2026-1220,High,TBD,473851441,https://issues.chromium.org/issues/473851441,Race in V8,@p1nky4745,2026-01-07,https://chromereleases.googleblog.com/2026/01/stable-channel-update-for-desktop_20.html,Stable Channel Update for Desktop,2026-01-20T14:15:00.000-08:00,[TBD][473851441] High CVE-2026-1220: Race in V8. Reported by @p1nky4745 on 2026-01-07
CVE-2026-0899,High,$8000,458914193,https://issues.chromium.org/issues/458914193,Out of bounds memory access in V8,@p1nky4745,2025-11-08,https://chromereleases.googleblog.com/2026/01/stable-channel-update-for-desktop_13.html,Stable Channel Update for Desktop,2026-01-13T13:47:00.000-08:00,[$8000][458914193] High CVE-2026-0899: Out of bounds memory access in V8. Reported by @p1nky4745 on 2025-11-08
CVE-2026-0900,High,TBD,465730465,https://issues.chromium.org/issues/465730465,Inappropriate implementation in V8,Google,2025-12-03,https://chromereleases.googleblog.com/2026/01/stable-channel-update-for-desktop_13.html,Stable Channel Update for Desktop,2026-01-13T13:47:00.000-08:00,[TBD][465730465] High CVE-2026-0900: Inappropriate implementation in V8. Reported by Google on 2025-12-03
CVE-2026-0902,Medium,$4000,469143679,https://issues.chromium.org/issues/469143679,Inappropriate implementation in V8,303f06e3,2025-12-16,https://chromereleases.googleblog.com/2026/01/stable-channel-update-for-desktop_13.html,Stable Channel Update for Desktop,2026-01-13T13:47:00.000-08:00,[$4000][469143679] Medium CVE-2026-0902: Inappropriate implementation in V8. Reported by 303f06e3 on 2025-12-16
CVE-2025-14766,High,TBD,466786677,https://issues.chromium.org/issues/466786677,Out of bounds read and write in V8,Shaheen Fazim,2025-12-08,https://chromereleases.googleblog.com/2025/12/stable-channel-update-for-desktop_16.html,Stable Channel Update for Desktop,2025-12-16T11:42:00.000-08:00,[TBD][466786677] High CVE-2025-14766: Out of bounds read and write in V8. Reported by Shaheen Fazim on 2025-12-08
CVE-2025-13630,High,$11000,456547591,https://issues.chromium.org/issues/456547591,Type Confusion in V8,Shreyas Penkar (@streypaws),2025-10-31,https://chromereleases.googleblog.com/2025/12/stable-channel-update-for-desktop.html,Stable Channel Update for Desktop,2025-12-02T10:39:00.000-08:00,[$11000][456547591] High CVE-2025-13630: Type Confusion in V8. Reported by Shreyas Penkar (@streypaws) on 2025-10-31
CVE-2025-13223,High,N/A,460017370,https://issues.chromium.org/issues/460017370,Type Confusion in V8,Google Threat Analysis Group,2025-11-12,https://chromereleases.googleblog.com/2025/11/stable-channel-update-for-desktop_17.html,Stable Channel Update for Desktop,2025-11-17T13:00:00.000-08:00,[N/A][460017370] High CVE-2025-13223: Type Confusion in V8. Reported by Google Threat Analysis Group on 2025-11-12
CVE-2025-13224,High,N/A,450328966,https://issues.chromium.org/issues/450328966,Type Confusion in V8,Google Big Sleep,2025-10-09,https://chromereleases.googleblog.com/2025/11/stable-channel-update-for-desktop_17.html,Stable Channel Update for Desktop,2025-11-17T13:00:00.000-08:00,[N/A][450328966] High CVE-2025-13224: Type Confusion in V8. Reported by Google Big Sleep on 2025-10-09
CVE-2025-13042,High,TBD,457351015,https://issues.chromium.org/issues/457351015,Inappropriate implementation in V8,303f06e3,2025-11-03,https://chromereleases.googleblog.com/2025/11/stable-channel-update-for-desktop_11.html,Stable Channel Update for Desktop,2025-11-11T10:45:00.000-08:00,[TBD][457351015] High CVE-2025-13042: Inappropriate implementation in V8. Reported by 303f06e3 on 2025-11-03
CVE-2025-12727,High,TBD,454485895,https://issues.chromium.org/issues/454485895,Inappropriate implementation in V8,303f06e3,2025-10-23,https://chromereleases.googleblog.com/2025/11/stable-channel-update-for-desktop.html,Stable Channel Update for Desktop,2025-11-05T12:43:00.000-08:00,[TBD][454485895] High CVE-2025-12727: Inappropriate implementation in V8. Reported by 303f06e3 on 2025-10-23
CVE-2025-12428,High,$50000,447613211,https://issues.chromium.org/issues/447613211,Type Confusion in V8,Man Yue Mo of GitHub Security Lab,2025-09-26,https://chromereleases.googleblog.com/2025/10/stable-channel-update-for-desktop_28.html,Stable Channel Update for Desktop,2025-10-28T14:42:00.000-07:00,[$50000][447613211] High CVE-2025-12428: Type Confusion in V8. Reported by Man Yue Mo of GitHub Security Lab on 2025-09-26
CVE-2025-12429,High,$50000,450618029,https://issues.chromium.org/issues/450618029,Inappropriate implementation in V8,Aorui Zhang,2025-10-10,https://chromereleases.googleblog.com/2025/10/stable-channel-update-for-desktop_28.html,Stable Channel Update for Desktop,2025-10-28T14:42:00.000-07:00,[$50000][450618029] High CVE-2025-12429: Inappropriate implementation in V8. Reported by Aorui Zhang on 2025-10-10
CVE-2025-12432,High,N/A,439522866,https://issues.chromium.org/issues/439522866,Race in V8,Google Big Sleep,2025-08-18,https://chromereleases.googleblog.com/2025/10/stable-channel-update-for-desktop_28.html,Stable Channel Update for Desktop,2025-10-28T14:42:00.000-07:00,[N/A][439522866] High CVE-2025-12432: Race in V8. Reported by Google Big Sleep on 2025-08-18
CVE-2025-12433,High,N/A,449760249,https://issues.chromium.org/issues/449760249,Inappropriate implementation in V8,Google Big Sleep,2025-10-07,https://chromereleases.googleblog.com/2025/10/stable-channel-update-for-desktop_28.html,Stable Channel Update for Desktop,2025-10-28T14:42:00.000-07:00,[N/A][449760249] High CVE-2025-12433: Inappropriate implementation in V8. Reported by Google Big Sleep on 2025-10-07
CVE-2025-12036,High,N/A,452296415,https://issues.chromium.org/issues/452296415,Inappropriate implementation in V8,Google Big Sleep,2025-10-15,https://chromereleases.googleblog.com/2025/10/stable-channel-update-for-desktop_28.html,Stable Channel Update for Desktop,2025-10-28T14:42:00.000-07:00,[N/A][452296415] High CVE-2025-12036: Inappropriate implementation in V8. Reported by Google Big Sleep on 2025-10-15
CVE-2025-12441,Medium,N/A,444049512,https://issues.chromium.org/issues/444049512,Out of bounds read in V8,Google Big Sleep,2025-09-10,https://chromereleases.googleblog.com/2025/10/stable-channel-update-for-desktop_28.html,Stable Channel Update for Desktop,2025-10-28T14:42:00.000-07:00,[N/A][444049512] Medium CVE-2025-12441: Out of bounds read in V8. Reported by Google Big Sleep on 2025-09-10
CVE-2025-13226,High,$55000,446113732,https://issues.chromium.org/issues/446113732,Type Confusion in V8,Seunghyun Lee (@0x10n),2025-09-19,https://chromereleases.googleblog.com/2025/10/stable-channel-update-for-desktop_28.html,Stable Channel Update for Desktop,2025-10-28T14:42:00.000-07:00,[$55000][446113732] High CVE-2025-13226: Type Confusion in V8. Reported by Seunghyun Lee (@0x10n) on 2025-09-19
CVE-2025-13227,High,$55000,446122633,https://issues.chromium.org/issues/446122633,Type Confusion in V8,Seunghyun Lee (@0x10n),2025-09-19,https://chromereleases.googleblog.com/2025/10/stable-channel-update-for-desktop_28.html,Stable Channel Update for Desktop,2025-10-28T14:42:00.000-07:00,[$55000][446122633] High CVE-2025-13227: Type Confusion in V8. Reported by Seunghyun Lee (@0x10n) on 2025-09-19
CVE-2025-13228,High,$55000,446124893,https://issues.chromium.org/issues/446124893,Type Confusion in V8,Seunghyun Lee (@0x10n),2025-09-19,https://chromereleases.googleblog.com/2025/10/stable-channel-update-for-desktop_28.html,Stable Channel Update for Desktop,2025-10-28T14:42:00.000-07:00,[$55000][446124893] High CVE-2025-13228: Type Confusion in V8. Reported by Seunghyun Lee (@0x10n) on 2025-09-19
CVE-2025-13229,High,$55000,446113731,https://issues.chromium.org/issues/446113731,Type Confusion in V8,Seunghyun Lee (@0x10n),2025-09-19,https://chromereleases.googleblog.com/2025/10/stable-channel-update-for-desktop_28.html,Stable Channel Update for Desktop,2025-10-28T14:42:00.000-07:00,[$55000][446113731] High CVE-2025-13229: Type Confusion in V8. Reported by Seunghyun Lee (@0x10n) on 2025-09-19
CVE-2025-13230,High,$55000,446124892,https://issues.chromium.org/issues/446124892,Type Confusion in V8,Seunghyun Lee (@0x10n),2025-09-19,https://chromereleases.googleblog.com/2025/10/stable-channel-update-for-desktop_28.html,Stable Channel Update for Desktop,2025-10-28T14:42:00.000-07:00,[$55000][446124892] High CVE-2025-13230: Type Confusion in V8. Reported by Seunghyun Lee (@0x10n) on 2025-09-19
CVE-2025-11215,Medium,N/A,439758498,https://issues.chromium.org/issues/439758498,Off by one error in V8,Google Big Sleep,2025-08-19,https://chromereleases.googleblog.com/2025/09/stable-channel-update-for-desktop_30.html,Stable Channel Update for Desktop,2025-09-30T13:35:00.000-07:00,[N/A][439758498] Medium CVE-2025-11215: Off by one error in V8. Reported by Google Big Sleep on 2025-08-19
CVE-2025-11219,Low,N/A,439772737,https://issues.chromium.org/issues/439772737,Use after free in V8,Google Big Sleep,2025-08-19,https://chromereleases.googleblog.com/2025/09/stable-channel-update-for-desktop_30.html,Stable Channel Update for Desktop,2025-09-30T13:35:00.000-07:00,[N/A][439772737] Low CVE-2025-11219: Use after free in V8. Reported by Google Big Sleep on 2025-08-19
CVE-2025-10890,High,TBD,430336833,https://issues.chromium.org/issues/430336833,Side-channel information leakage in V8,Mate Marjanović (SharpEdged),2025-07-09,https://chromereleases.googleblog.com/2025/09/stable-channel-update-for-desktop_23.html,Stable Channel Update for Desktop,2025-09-23T12:52:00.000-07:00,[TBD][430336833] High CVE-2025-10890: Side-channel information leakage in V8. Reported by Mate Marjanović (SharpEdged) on 2025-07-09
CVE-2025-10891,High,N/A,443765373,https://issues.chromium.org/issues/443765373,Integer overflow in V8,Google Big Sleep,2025-09-09,https://chromereleases.googleblog.com/2025/09/stable-channel-update-for-desktop_23.html,Stable Channel Update for Desktop,2025-09-23T12:52:00.000-07:00,[N/A][443765373] High CVE-2025-10891: Integer overflow in V8. Reported by Google Big Sleep on 2025-09-09
CVE-2025-10892,High,N/A,444048019,https://issues.chromium.org/issues/444048019,Integer overflow in V8,Google Big Sleep,2025-09-10,https://chromereleases.googleblog.com/2025/09/stable-channel-update-for-desktop_23.html,Stable Channel Update for Desktop,2025-09-23T12:52:00.000-07:00,[N/A][444048019] High CVE-2025-10892: Integer overflow in V8. Reported by Google Big Sleep on 2025-09-10
CVE-2025-10585,High,NA,445380761,https://issues.chromium.org/issues/445380761,Type Confusion in V8,Google Threat Analysis Group,2025-09-16,https://chromereleases.googleblog.com/2025/09/stable-channel-update-for-chromeos_18.html,Stable Channel Update for ChromeOS / ChromeOS Flex,2025-09-18T15:47:00.000-07:00,[NA][445380761] High CVE-2025-10585: Type Confusion in V8. Reported by Google Threat Analysis Group on 2025-09-16
CVE-2025-9132,High,N/A,436181695,https://issues.chromium.org/issues/436181695,Out of bounds write in V8,Google Big Sleep,2025-08-04,https://chromereleases.googleblog.com/2025/08/stable-channel-update-for-desktop_19.html,Stable Channel Update for Desktop,2025-08-19T13:12:00.000-07:00,[N/A][436181695] High CVE-2025-9132: Out of bounds write in V8. Reported by Google Big Sleep on 2025-08-04
CVE-2025-8880,High,TBD,433533359,https://issues.chromium.org/issues/433533359,Race in V8,Seunghyun Lee (@0x10n),2025-07-23,https://chromereleases.googleblog.com/2025/08/stable-channel-update-for-desktop_12.html,Stable Channel Update for Desktop,2025-08-12T13:10:00.000-07:00,[TBD][433533359] High CVE-2025-8880: Race in V8. Reported by Seunghyun Lee (@0x10n) on 2025-07-23
CVE-2025-8010,High,$8000,430344952,https://issues.chromium.org/issues/430344952,Type Confusion in V8,Shaheen Fazim,2025-07-09,https://chromereleases.googleblog.com/2025/07/stable-channel-update-for-desktop_22.html,Stable Channel Update for Desktop,2025-07-22T13:19:00.000-07:00,[$8000][430344952] High CVE-2025-8010: Type Confusion in V8. Reported by Shaheen Fazim on 2025-07-09
CVE-2025-8011,High,TBD,430572435,https://issues.chromium.org/issues/430572435,Type Confusion in V8,Shaheen Fazim,2025-07-09,https://chromereleases.googleblog.com/2025/07/stable-channel-update-for-desktop_22.html,Stable Channel Update for Desktop,2025-07-22T13:19:00.000-07:00,[TBD][430572435] High CVE-2025-8011: Type Confusion in V8. Reported by Shaheen Fazim on 2025-07-09
CVE-2025-7656,High,$7000,425583995,https://issues.chromium.org/issues/425583995,Integer overflow in V8,Shaheen Fazim,2025-06-17,https://chromereleases.googleblog.com/2025/07/stable-channel-update-for-desktop_15.html,Stable Channel Update for Desktop,2025-07-15T10:12:00.000-07:00,[$7000][425583995] High CVE-2025-7656: Integer overflow in V8. Reported by Shaheen Fazim on 2025-06-17
CVE-2025-6554,High,NA,427663123,https://issues.chromium.org/issues/427663123,Type Confusion in V8,,,https://chromereleases.googleblog.com/2025/06/stable-channel-update-for-desktop_30.html,Stable Channel Update for Desktop,2025-06-30T14:01:00.000-07:00,[NA][427663123] High CVE-2025-6554: Type Confusion in V8.
CVE-2025-6191,High,$7000,420697404,https://issues.chromium.org/issues/420697404,Integer overflow in V8,Shaheen Fazim,2025-05-27,https://chromereleases.googleblog.com/2025/06/stable-channel-update-for-desktop_17.html,Stable Channel Update for Desktop,2025-06-17T10:32:00.000-07:00,[$7000][420697404] High CVE-2025-6191: Integer overflow in V8. Reported by Shaheen Fazim on 2025-05-27
CVE-2025-5959,High,NA,422313191,https://issues.chromium.org/issues/422313191,Type Confusion in V8,Seunghyun Lee as part of TyphoonPWN 2025,2025-06-04,https://chromereleases.googleblog.com/2025/06/stable-channel-update-for-desktop_10.html,Stable Channel Update for Desktop,2025-06-10T11:42:00.000-07:00,[NA][422313191] High CVE-2025-5959: Type Confusion in V8. Reported by Seunghyun Lee as part of TyphoonPWN 2025 on 2025-06-04
CVE-2025-5419,High,N/A,420636529,https://issues.chromium.org/issues/420636529,Out of bounds read and write in V8,Clement Lecigne and Benoît Sevens of Google Threat Analysis Group on 2025-05-27. This issue was mitigated on 2025-05-28 by a configuration change pushed out to Stable across all Chrome platforms.,,https://chromereleases.googleblog.com/2025/06/stable-channel-update-for-desktop.html,Stable Channel Update for Desktop,2025-06-02T16:07:00.000-07:00,[N/A][420636529] High CVE-2025-5419: Out of bounds read and write in V8. Reported by Clement Lecigne and Benoît Sevens of Google Threat Analysis Group on 2025-05-27. This issue was mitigated on 2025-05-28 by a configuration change pushed out to Stable across all Chrome platforms.
CVE-2025-5280,High,TBD,417169470,https://issues.chromium.org/issues/417169470,Out of bounds write in V8,[pwn2car],2025-05-12,https://chromereleases.googleblog.com/2025/05/stable-channel-update-for-desktop_27.html,Stable Channel Update for Desktop,2025-05-27T10:46:00.000-07:00,[TBD][417169470] High CVE-2025-5280: Out of bounds write in V8. Reported by [pwn2car] on 2025-05-12
CVE-2025-1920,High,$7000,398065918,https://issues.chromium.org/issues/398065918,Type Confusion in V8,Excello s.r.o.,2025-02-21,https://chromereleases.googleblog.com/2025/03/stable-channel-update-for-desktop_10.html,Stable Channel Update for Desktop,2025-03-10T13:04:00.000-07:00,[$7000][398065918] High CVE-2025-1920: Type Confusion in V8. Reported by Excello s.r.o. on 2025-02-21
CVE-2025-2135,High,TBD,400052777,https://issues.chromium.org/issues/400052777,Type Confusion in V8,Zhenghang Xiao (@Kipreyyy) and Nan Wang (@eternalsakura13),2025-03-02,https://chromereleases.googleblog.com/2025/03/stable-channel-update-for-desktop_10.html,Stable Channel Update for Desktop,2025-03-10T13:04:00.000-07:00,[TBD][400052777] High CVE-2025-2135: Type Confusion in V8. Reported by Zhenghang Xiao (@Kipreyyy) and Nan Wang (@eternalsakura13) on 2025-03-02
CVE-2025-2137,Medium,$2000,398999390,https://issues.chromium.org/issues/398999390,Out of bounds read in V8,zeroxiaobai@,2025-02-25,https://chromereleases.googleblog.com/2025/03/stable-channel-update-for-desktop_10.html,Stable Channel Update for Desktop,2025-03-10T13:04:00.000-07:00,[$2000][398999390] Medium CVE-2025-2137: Out of bounds read in V8. Reported by zeroxiaobai@ on 2025-02-25
CVE-2025-1914,High,$7000,397731718,https://issues.chromium.org/issues/397731718,Out of bounds read in V8,Zhenghang Xiao (@Kipreyyy) and Nan Wang (@eternalsakura13),2025-02-20,https://chromereleases.googleblog.com/2025/03/stable-channel-update-for-desktop.html,Stable Channel Update for Desktop,2025-03-04T12:59:00.000-08:00,[$7000][397731718] High CVE-2025-1914: Out of bounds read in V8. Reported by Zhenghang Xiao (@Kipreyyy) and Nan Wang (@eternalsakura13) on 2025-02-20
CVE-2025-9479,Medium,$7000,390743124,https://issues.chromium.org/issues/390743124,Out of bounds read in V8,Zhenghang Xiao (@Kipreyyy),2025-01-18,https://chromereleases.googleblog.com/2025/02/stable-channel-update-for-desktop_25.html,Stable Channel Update for Desktop,2025-02-25T10:19:00.000-08:00,[$7000][390743124] Medium CVE-2025-9479: Out of bounds read in V8. Reported by Zhenghang Xiao (@Kipreyyy) on 2025-01-18
CVE-2025-0999,High,$11000,394350433,https://issues.chromium.org/issues/394350433,Heap buffer overflow in V8,Seunghyun Lee (@0x10n),2025-02-04,https://chromereleases.googleblog.com/2025/02/stable-channel-update-for-desktop_18.html,Stable Channel Update for Desktop,2025-02-18T15:44:00.000-08:00,[$11000][394350433] High CVE-2025-0999: Heap buffer overflow in V8. Reported by Seunghyun Lee (@0x10n) on 2025-02-04
CVE-2025-0995,High,$55000,391907159,https://issues.chromium.org/issues/391907159,Use after free in V8,Popax21,2025-01-24,https://chromereleases.googleblog.com/2025/02/stable-channel-update-for-desktop_12.html,Stable Channel Update for Desktop,2025-02-12T10:56:00.000-08:00,[$55000][391907159] High CVE-2025-0995: Use after free in V8. Reported by Popax21 on 2025-01-24
CVE-2025-0998,High,TBD,386857213,https://issues.chromium.org/issues/386857213,Out of bounds memory access in V8,Alan Goodman,2024-12-31,https://chromereleases.googleblog.com/2025/02/stable-channel-update-for-desktop_12.html,Stable Channel Update for Desktop,2025-02-12T10:56:00.000-08:00,[TBD][386857213] High CVE-2025-0998: Out of bounds memory access in V8. Reported by Alan Goodman on 2024-12-31
CVE-2025-0445,High,TBD,392521083,https://issues.chromium.org/issues/392521083,Use after free in V8,303f06e3,2025-01-27,https://chromereleases.googleblog.com/2025/02/stable-channel-update-for-desktop.html,Stable Channel Update for Desktop,2025-02-04T09:58:00.000-08:00,[TBD][392521083] High CVE-2025-0445: Use after free in V8. Reported by 303f06e3 on 2025-01-27
CVE-2025-0611,High,$11000,386143468,https://issues.chromium.org/issues/386143468,Object corruption in V8,303f06e3,2024-12-26,https://chromereleases.googleblog.com/2025/01/stable-channel-update-for-desktop_22.html,Stable Channel Update for Desktop,2025-01-22T08:13:00.000-08:00,[$11000][386143468] High CVE-2025-0611: Object corruption in V8. Reported by 303f06e3 on 2024-12-26
CVE-2025-0612,High,$8000,385155406,https://issues.chromium.org/issues/385155406,Out of bounds memory access in V8,Alan Goodman,2024-12-20,https://chromereleases.googleblog.com/2025/01/stable-channel-update-for-desktop_22.html,Stable Channel Update for Desktop,2025-01-22T08:13:00.000-08:00,[$8000][385155406] High CVE-2025-0612: Out of bounds memory access in V8. Reported by Alan Goodman on 2024-12-20
CVE-2025-0434,High,$7000,374627491,https://issues.chromium.org/issues/374627491,Out of bounds memory access in V8,ddme,2024-10-21,https://chromereleases.googleblog.com/2025/01/stable-channel-update-for-desktop_14.html,Stable Channel Update for Desktop,2025-01-14T13:51:00.000-08:00,[$7000][374627491] High CVE-2025-0434: Out of bounds memory access in V8. Reported by ddme on 2024-10-21
CVE-2025-0291,High,$55000,383356864,https://issues.chromium.org/issues/383356864,Type Confusion in V8,Popax21,2024-12-11,https://chromereleases.googleblog.com/2025/01/stable-channel-update-for-desktop.html,Stable Channel Update for Desktop,2025-01-07T10:51:00.000-08:00,[$55000][383356864] High CVE-2025-0291: Type Confusion in V8. Reported by Popax21 on 2024-12-11
CVE-2024-12692,High,$55000,382291459,https://issues.chromium.org/issues/382291459,Type Confusion in V8,Seunghyun Lee (@0x10n),2024-12-05,https://chromereleases.googleblog.com/2024/12/stable-channel-update-for-desktop_18.html,Stable Channel Update for Desktop,2024-12-18T13:32:00.000-08:00,[$55000][382291459] High CVE-2024-12692: Type Confusion in V8. Reported by Seunghyun Lee (@0x10n) on 2024-12-05
CVE-2024-12693,High,$20000,382190919,https://issues.chromium.org/issues/382190919,Out of bounds memory access in V8,303f06e3,2024-12-04,https://chromereleases.googleblog.com/2024/12/stable-channel-update-for-desktop_18.html,Stable Channel Update for Desktop,2024-12-18T13:32:00.000-08:00,[$20000][382190919] High CVE-2024-12693: Out of bounds memory access in V8. Reported by 303f06e3 on 2024-12-04
CVE-2024-12695,High,TBD,383647255,https://issues.chromium.org/issues/383647255,Out of bounds write in V8,303f06e3,2024-12-12,https://chromereleases.googleblog.com/2024/12/stable-channel-update-for-desktop_18.html,Stable Channel Update for Desktop,2024-12-18T13:32:00.000-08:00,[TBD][383647255] High CVE-2024-12695: Out of bounds write in V8. Reported by 303f06e3 on 2024-12-12
CVE-2024-12381,High,$55000,381696874,https://issues.chromium.org/issues/381696874,Type Confusion in V8,Seunghyun Lee (@0x10n),2024-12-02,https://chromereleases.googleblog.com/2024/12/stable-channel-update-for-desktop_10.html,Stable Channel Update for Desktop,2024-12-10T14:13:00.000-08:00,[$55000][381696874] High CVE-2024-12381: Type Confusion in V8. Reported by Seunghyun Lee (@0x10n) on 2024-12-02
CVE-2024-12053,High,$8000,379009132,https://issues.chromium.org/issues/379009132,Type Confusion in V8,gal1ium and chluo,2024-11-14,https://chromereleases.googleblog.com/2024/12/stable-channel-update-for-desktop.html,Stable Channel Update for Desktop,2024-12-03T10:06:00.000-08:00,[$8000][379009132] High CVE-2024-12053: Type Confusion in V8. Reported by gal1ium and chluo on 2024-11-14
CVE-2024-11395,High,$8000,377384894,https://issues.chromium.org/issues/377384894,Type Confusion in V8,Anonymous,2024-11-05,https://chromereleases.googleblog.com/2024/11/stable-channel-update-for-desktop_19.html,Stable Channel Update for Desktop,2024-11-19T10:13:00.000-08:00,[$8000][377384894] High CVE-2024-11395: Type Confusion in V8. Reported by Anonymous on 2024-11-05
CVE-2024-10230,High,TBD,371565065,https://issues.chromium.org/issues/371565065,Type Confusion in V8,Seunghyun Lee (@0x10n),2024-10-05,https://chromereleases.googleblog.com/2024/10/stable-channel-update-for-chromeos_29.html,Stable Channel Update for ChromeOS / ChromeOS Flex,2024-10-29T16:14:00.001-07:00,[TBD][371565065] HIGH CVE-2024-10230: Type Confusion in V8. Reported by Seunghyun Lee (@0x10n) on 2024-10-05
CVE-2024-10231,High,TBD,372269618,https://issues.chromium.org/issues/372269618,Type Confusion in V8,Seunghyun Lee (@0x10n),2024-10-09,https://chromereleases.googleblog.com/2024/10/stable-channel-update-for-chromeos_29.html,Stable Channel Update for ChromeOS / ChromeOS Flex,2024-10-29T16:14:00.001-07:00,[TBD][372269618] HIGH CVE-2024-10231: Type Confusion in V8. Reported by Seunghyun Lee (@0x10n) on 2024-10-09
CVE-2024-9602,High,$55000,368241697,https://issues.chromium.org/issues/368241697,Type Confusion in V8,Seunghyun Lee (@0x10n),2024-09-20,https://chromereleases.googleblog.com/2024/10/stable-channel-update-for-desktop_8.html,Stable Channel Update for Desktop,2024-10-08T13:00:00.000-07:00,[$55000][368241697] High CVE-2024-9602: Type Confusion in V8. Reported by Seunghyun Lee (@0x10n) on 2024-09-20
CVE-2024-9603,High,TBD,367818758,https://issues.chromium.org/issues/367818758,Type Confusion in V8,@WeShotTheMoon and @Nguyen Hoang Thach of starlabs,2024-09-18,https://chromereleases.googleblog.com/2024/10/stable-channel-update-for-desktop_8.html,Stable Channel Update for Desktop,2024-10-08T13:00:00.000-07:00,[TBD][367818758] High CVE-2024-9603: Type Confusion in V8. Reported by @WeShotTheMoon and @Nguyen Hoang Thach of starlabs on 2024-09-18
CVE-2024-9370,High,TBD,368311899,https://issues.chromium.org/issues/368311899,Inappropriate implementation in V8,"Nguyễn Hoàng Thạch, Đỗ Minh Tuấn, and Wu JinLin of STAR Labs SG Pte. Ltd.",2024-09-19,https://chromereleases.googleblog.com/2024/10/stable-channel-update-for-desktop.html,Stable Channel Update for Desktop,2024-10-01T17:11:00.000-07:00,"[TBD][368311899] High CVE-2024-9370: Inappropriate implementation in V8. Reported by Nguyễn Hoàng Thạch, Đỗ Minh Tuấn, and Wu JinLin of STAR Labs SG Pte. Ltd. on 2024-09-19"
CVE-2024-8904,High,$55000,365376497,https://issues.chromium.org/issues/365376497,Type Confusion in V8,Popax21,2024-09-08,https://chromereleases.googleblog.com/2024/10/stable-channel-update-for-chromeos.html,Stable Channel Update for ChromeOS / ChromeOS Flex,2024-10-01T11:59:00.000-07:00,[$55000][365376497] High CVE-2024-8904: Type Confusion in V8. Reported by Popax21 on 2024-09-08
CVE-2024-8905,Medium,$8000,359949835,https://issues.chromium.org/issues/359949835,Inappropriate implementation in V8,Ganjiang Zhou(@refrain_areu) of ChaMd5-H1 team,2024-08-15,https://chromereleases.googleblog.com/2024/10/stable-channel-update-for-chromeos.html,Stable Channel Update for ChromeOS / ChromeOS Flex,2024-10-01T11:59:00.000-07:00,[$8000][359949835] Medium CVE-2024-8905: Inappropriate implementation in V8. Reported by Ganjiang Zhou(@refrain_areu) of ChaMd5-H1 team on 2024-08-15
CVE-2024-9121,High,$8000,363538434,https://issues.chromium.org/issues/363538434,Inappropriate implementation in V8,Tashita Software Security,2024-09-01,https://chromereleases.googleblog.com/2024/10/stable-channel-update-for-chromeos.html,Stable Channel Update for ChromeOS / ChromeOS Flex,2024-10-01T11:59:00.000-07:00,[$8000][363538434] High CVE-2024-9121: Inappropriate implementation in V8. Reported by Tashita Software Security on 2024-09-01
CVE-2024-9122,High,TBD,365802567,https://issues.chromium.org/issues/365802567,Type Confusion in V8,Seunghyun Lee (@0x10n),2024-09-10,https://chromereleases.googleblog.com/2024/10/stable-channel-update-for-chromeos.html,Stable Channel Update for ChromeOS / ChromeOS Flex,2024-10-01T11:59:00.000-07:00,[TBD][365802567] High CVE-2024-9122: Type Confusion in V8. Reported by Seunghyun Lee (@0x10n) on 2024-09-10
CVE-2024-8638,High,TBD,362539773,https://issues.chromium.org/issues/362539773,Type Confusion in V8,Zhenghang Xiao (@Kipreyyy),2024-08-28,https://chromereleases.googleblog.com/2024/09/stable-channel-update-for-desktop_10.html,Stable Channel Update for Desktop,2024-09-10T15:20:00.000-07:00,[TBD][362539773] High CVE-2024-8638: Type Confusion in V8. Reported by Zhenghang Xiao (@Kipreyyy) on 2024-08-28
CVE-2024-7965,High,$11000,356196918,https://issues.chromium.org/issues/356196918,Inappropriate implementation in V8,TheDog,2024-07-30,https://chromereleases.googleblog.com/2024/09/stable-channel-update-for-chromeos_9.html,Stable Channel Update for ChromeOS / ChromeOS Flex,2024-09-09T16:45:00.000-07:00,[$11000][356196918] High CVE-2024-7965: Inappropriate implementation in V8. Reported by TheDog on 2024-07-30
CVE-2024-7971,High,TBD,360700873,https://issues.chromium.org/issues/360700873,Type confusion in V8,"Microsoft Threat Intelligence Center (MSTIC), Microsoft Security Response Center (MSRC)",2024-08-19,https://chromereleases.googleblog.com/2024/09/stable-channel-update-for-chromeos_9.html,Stable Channel Update for ChromeOS / ChromeOS Flex,2024-09-09T16:45:00.000-07:00,"[TBD][360700873] High CVE-2024-7971: Type confusion in V8. Reported by Microsoft Threat Intelligence Center (MSTIC), Microsoft Security Response Center (MSRC) on 2024-08-19"
CVE-2024-7972,Medium,$11000,345960102,https://issues.chromium.org/issues/345960102,Inappropriate implementation in V8,Simon Gerst (intrigus-lgtm),2024-06-10,https://chromereleases.googleblog.com/2024/09/stable-channel-update-for-chromeos_9.html,Stable Channel Update for ChromeOS / ChromeOS Flex,2024-09-09T16:45:00.000-07:00,[$11000][345960102] Medium CVE-2024-7972: Inappropriate implementation in V8. Reported by Simon Gerst (intrigus-lgtm) on 2024-06-10
CVE-2024-7974,Medium,$3000,339141099,https://issues.chromium.org/issues/339141099,Insufficient data validation in V8 API,bowu(@gocrashed),2024-05-07,https://chromereleases.googleblog.com/2024/09/stable-channel-update-for-chromeos_9.html,Stable Channel Update for ChromeOS / ChromeOS Flex,2024-09-09T16:45:00.000-07:00,[$3000][339141099] Medium CVE-2024-7974: Insufficient data validation in V8 API. Reported by bowu(@gocrashed) on 2024-05-07
CVE-2024-7970,High,TBD,358485426,https://issues.chromium.org/issues/358485426,Out of bounds write in V8,Cassidy Kim(@cassidy6564),2024-08-09,https://chromereleases.googleblog.com/2024/09/stable-channel-update-for-desktop.html,Stable Channel update for Desktop,2024-09-02T09:58:00.000-07:00,[TBD][358485426] High CVE-2024-7970: Out of bounds write in V8. Reported by Cassidy Kim(@cassidy6564) on 2024-08-09
CVE-2024-7969,High,TBD,351865302,https://issues.chromium.org/issues/351865302,Type Confusion in V8,CFF of Topsec Alpha Team,2024-07-09,https://chromereleases.googleblog.com/2024/08/stable-channel-update-for-desktop_28.html,Stable Channel Update for Desktop,2024-08-28T11:51:00.000-07:00,[TBD][351865302] High CVE-2024-7969: Type Confusion in V8. Reported by CFF of Topsec Alpha Team on 2024-07-09
CVE-2024-8194,High,TBD,360533914,https://issues.chromium.org/issues/360533914,Type Confusion in V8,Seunghyun Lee (@0x10n),2024-08-18,https://chromereleases.googleblog.com/2024/08/stable-channel-update-for-desktop_28.html,Stable Channel Update for Desktop,2024-08-28T11:51:00.000-07:00,[TBD][360533914] High CVE-2024-8194: Type Confusion in V8. Reported by Seunghyun Lee (@0x10n) on 2024-08-18
CVE-2024-7550,High,$7000,355256380,https://issues.chromium.org/issues/355256380,Type Confusion in V8,Zhenghang Xiao (@Kipreyyy),2024-07-25,https://chromereleases.googleblog.com/2024/08/stable-channel-update-for-desktop.html,Stable Channel Update for Desktop,2024-08-06T11:09:00.000-07:00,[$7000][355256380] High CVE-2024-7550: Type Confusion in V8. Reported by Zhenghang Xiao (@Kipreyyy) on 2024-07-25
CVE-2024-7535,High,TBD,352690885,https://issues.chromium.org/issues/352690885,Inappropriate implementation in V8,Tashita Software Security,2024-07-12,https://chromereleases.googleblog.com/2024/08/stable-channel-update-for-desktop.html,Stable Channel Update for Desktop,2024-08-06T11:09:00.000-07:00,[TBD][352690885] High CVE-2024-7535: Inappropriate implementation in V8. Reported by Tashita Software Security on 2024-07-12
CVE-2024-6772,High,$10000,346597059,https://issues.chromium.org/issues/346597059,Inappropriate implementation in V8,5fceb6172bbf7e2c5a948183b53565b9,2024-06-12,https://chromereleases.googleblog.com/2024/07/stable-channel-update-for-desktop.html,Stable Channel Update for Desktop,2024-07-16T13:37:00.000-07:00,[$10000][346597059] High CVE-2024-6772: Inappropriate implementation in V8. Reported by 5fceb6172bbf7e2c5a948183b53565b9 on 2024-06-12
CVE-2024-6773,High,$7000,347724915,https://issues.chromium.org/issues/347724915,Type Confusion in V8,2ourc3 | Salim Largo,2024-06-17,https://chromereleases.googleblog.com/2024/07/stable-channel-update-for-desktop.html,Stable Channel Update for Desktop,2024-07-16T13:37:00.000-07:00,[$7000][347724915] High CVE-2024-6773: Type Confusion in V8. Reported by 2ourc3 | Salim Largo on 2024-06-17
CVE-2024-6779,High,TBD,351327767,https://issues.chromium.org/issues/351327767,Out of bounds memory access in V8,Seunghyun Lee (@0x10n),2024-07-06,https://chromereleases.googleblog.com/2024/07/stable-channel-update-for-desktop.html,Stable Channel Update for Desktop,2024-07-16T13:37:00.000-07:00,[TBD][351327767] High CVE-2024-6779: Out of bounds memory access in V8. Reported by Seunghyun Lee (@0x10n) on 2024-07-06
CVE-2024-6100,High,$N/A,344608204,https://issues.chromium.org/issues/344608204,Type Confusion in V8,Seunghyun Lee (@0x10n) participating in SSD Secure Disclosure's TyphoonPWN 2024,2024-06-04,https://chromereleases.googleblog.com/2024/06/stable-channel-update-for-desktop_18.html,Stable Channel Update for Desktop,2024-06-18T12:41:00.000-07:00,[$N/A][344608204] High CVE-2024-6100: Type Confusion in V8. Reported by Seunghyun Lee (@0x10n) participating in SSD Secure Disclosure's TyphoonPWN 2024 on 2024-06-04
CVE-2024-5830,High,$25000,342456991,https://issues.chromium.org/issues/342456991,Type Confusion in V8,Man Yue Mo of GitHub Security Lab,2024-05-24,https://chromereleases.googleblog.com/2024/06/stable-channel-update-for-desktop.html,Stable Channel Update for Desktop,2024-06-11T12:56:00.000-07:00,[$25000][342456991] High CVE-2024-5830: Type Confusion in V8. Reported by Man Yue Mo of GitHub Security Lab on 2024-05-24
CVE-2024-5833,High,$7000,342602616,https://issues.chromium.org/issues/342602616,Type Confusion in V8,@ginggilBesel,2024-05-24,https://chromereleases.googleblog.com/2024/06/stable-channel-update-for-desktop.html,Stable Channel Update for Desktop,2024-06-11T12:56:00.000-07:00,[$7000][342602616] High CVE-2024-5833: Type Confusion in V8. Reported by @ginggilBesel on 2024-05-24
CVE-2024-5837,High,TBD,342415789,https://issues.chromium.org/issues/342415789,Type Confusion in V8,Anonymous,2024-05-23,https://chromereleases.googleblog.com/2024/06/stable-channel-update-for-desktop.html,Stable Channel Update for Desktop,2024-06-11T12:56:00.000-07:00,[TBD][342415789] High CVE-2024-5837: Type Confusion in V8. Reported by Anonymous on 2024-05-23
CVE-2024-5838,High,TBD,342522151,https://issues.chromium.org/issues/342522151,Type Confusion in V8,Zhenghang Xiao (@Kipreyyy),2024-05-24,https://chromereleases.googleblog.com/2024/06/stable-channel-update-for-desktop.html,Stable Channel Update for Desktop,2024-06-11T12:56:00.000-07:00,[TBD][342522151] High CVE-2024-5838: Type Confusion in V8. Reported by Zhenghang Xiao (@Kipreyyy) on 2024-05-24
CVE-2024-5841,Medium,$2000,326765855,https://issues.chromium.org/issues/326765855,Use after free in V8,Cassidy Kim(@cassidy6564),2024-02-26,https://chromereleases.googleblog.com/2024/06/stable-channel-update-for-desktop.html,Stable Channel Update for Desktop,2024-06-11T12:56:00.000-07:00,[$2000][326765855] Medium CVE-2024-5841: Use after free in V8. Reported by Cassidy Kim(@cassidy6564) on 2024-02-26
CVE-2024-5274,High,N/A,341663589,https://issues.chromium.org/issues/341663589,Type Confusion in V8,Clément Lecigne of Google's Threat Analysis Group and Brendon Tiszka of Chrome Security,2024-05-20,https://chromereleases.googleblog.com/2024/05/stable-channel-update-for-desktop_23.html,Stable Channel Update for Desktop,2024-05-23T16:13:00.000-07:00,[N/A][341663589] High CVE-2024-5274: Type Confusion in V8. Reported by Clément Lecigne of Google's Threat Analysis Group and Brendon Tiszka of Chrome Security on 2024-05-20
CVE-2024-5158,High,$10000,338908243,https://issues.chromium.org/issues/338908243,Type Confusion in V8,Zhenghang Xiao (@Kipreyyy),2024-05-06,https://chromereleases.googleblog.com/2024/05/stable-channel-update-for-desktop_21.html,Stable Channel Update for Desktop,2024-05-21T12:11:00.000-07:00,[$10000][338908243] High CVE-2024-5158: Type Confusion in V8. Reported by Zhenghang Xiao (@Kipreyyy) on 2024-05-06
CVE-2024-4947,High,TBD,340221135,https://issues.chromium.org/issues/340221135,Type Confusion in V8,Vasily Berdnikov (@vaber_b) and Boris Larin (@oct0xor) of Kaspersky,2024-05-13,https://chromereleases.googleblog.com/2024/05/stable-channel-update-for-desktop_15.html,Stable Channel Update for Desktop,2024-05-15T13:24:00.000-07:00,[TBD][340221135] High CVE-2024-4947: Type Confusion in V8. Reported by Vasily Berdnikov (@vaber_b) and Boris Larin (@oct0xor) of Kaspersky on 2024-05-13
CVE-2024-4949,Medium,$7000,326607001,https://issues.chromium.org/issues/326607001,Use after free in V8,Ganjiang Zhou(@refrain_areu) of ChaMd5-H1 team,2024-02-24,https://chromereleases.googleblog.com/2024/05/stable-channel-update-for-desktop_15.html,Stable Channel Update for Desktop,2024-05-15T13:24:00.000-07:00,[$7000][326607001] Medium CVE-2024-4949: Use after free in V8. Reported by Ganjiang Zhou(@refrain_areu) of ChaMd5-H1 team on 2024-02-24
CVE-2024-4761,High,N/A,339458194,https://issues.chromium.org/issues/339458194,Out of bounds write in V8,Anonymous,2024-05-09,https://chromereleases.googleblog.com/2024/05/stable-channel-update-for-desktop_13.html,Stable Channel Update for Desktop,2024-05-13T13:49:00.000-07:00,[N/A][339458194] High CVE-2024-4761: Out of bounds write in V8. Reported by Anonymous on 2024-05-09
CVE-2024-3832,High,$20000,331358160,https://issues.chromium.org/issues/331358160,Object corruption in V8,Man Yue Mo of GitHub Security Lab,2024-03-27,https://chromereleases.googleblog.com/2024/05/stable-channel-update-for-chromeos.html,Stable Channel Update for ChromeOS / ChromeOS Flex,2024-05-01T13:55:00.000-07:00,[$20000][331358160] High CVE-2024-3832: Object corruption in V8. Reported by Man Yue Mo of GitHub Security Lab on 2024-03-27
CVE-2024-3914,High,N/A,330759272,https://issues.chromium.org/issues/330759272,Use after free in V8,"Seunghyun Lee (@0x10n) of KAIST Hacking Lab, via Pwn2Own 2024",2024-03-21,https://chromereleases.googleblog.com/2024/05/stable-channel-update-for-chromeos.html,Stable Channel Update for ChromeOS / ChromeOS Flex,2024-05-01T13:55:00.000-07:00,"[N/A][330759272] High CVE-2024-3914: Use after free in V8. Reported by Seunghyun Lee (@0x10n) of KAIST Hacking Lab, via Pwn2Own 2024 on 2024-03-21"
CVE-2024-4059,High,TBD,333182464,https://issues.chromium.org/issues/333182464,Out of bounds read in V8 API,Eirik,2024-04-08,https://chromereleases.googleblog.com/2024/04/stable-channel-update-for-desktop_24.html,Stable Channel Update for Desktop,2024-04-24T03:31:00.000-07:00,[TBD][333182464] High CVE-2024-4059: Out of bounds read in V8 API. Reported by Eirik on 2024-04-08
CVE-2024-2625,High,"$15000, $7000","327740539, 40072287",,Object lifecycle issue in V8,Ganjiang Zhou(@refrain_areu) of ChaMd5-H1 team on 2024-03-01 and CFF of Topsec Alpha Team,2023-09-14,https://chromereleases.googleblog.com/2024/04/stable-channel-update-for-desktop_16.html,Stable Channel Update for Desktop,2024-04-16T14:39:00.000-07:00,"[$15000, $7000][327740539, 40072287] High CVE-2024-2625: Object lifecycle issue in V8. Reported by Ganjiang Zhou(@refrain_areu) of ChaMd5-H1 team on 2024-03-01 and CFF of Topsec Alpha Team on 2023-09-14"
CVE-2024-3156,High,$7000,329130358,https://issues.chromium.org/issues/329130358,Inappropriate implementation in V8,Zhenghang Xiao (@Kipreyyy),2024-03-12,https://chromereleases.googleblog.com/2024/04/stable-channel-update-for-desktop.html,Stable Channel Update for Desktop,2024-04-02T13:41:00.001-07:00,[$7000][329130358] High CVE-2024-3156: Inappropriate implementation in V8. Reported by Zhenghang Xiao (@Kipreyyy) on 2024-03-12
CVE-2024-3159,High,N/A,330760873,https://issues.chromium.org/issues/330760873,Out of bounds memory access in V8,"Edouard Bochin (@le_douds) and Tao Yan (@Ga1ois) of Palo Alto Networks, via Pwn2Own 2024",2024-03-22,https://chromereleases.googleblog.com/2024/04/stable-channel-update-for-desktop.html,Stable Channel Update for Desktop,2024-04-02T13:41:00.001-07:00,"[N/A][330760873] High CVE-2024-3159: Out of bounds memory access in V8. Reported by Edouard Bochin (@le_douds) and Tao Yan (@Ga1ois) of Palo Alto Networks, via Pwn2Own 2024 on 2024-03-22"
CVE-2024-2173,High,$12000,325893559,https://issues.chromium.org/issues/325893559,Out of bounds memory access in V8,5fceb6172bbf7e2c5a948183b53565b9,2024-02-19,https://chromereleases.googleblog.com/2024/03/stable-channel-update-for-chromeos.html,Stable Channel Update for ChromeOS / ChromeOS Flex,2024-03-05T19:11:00.000-08:00,[$12000][325893559] High CVE-2024-2173: Out of bounds memory access in V8. Reported by 5fceb6172bbf7e2c5a948183b53565b9 on 2024-02-19
CVE-2024-2174,High,$7000,325866363,https://issues.chromium.org/issues/325866363,Inappropriate implementation in V8,5f46f4ee2e17957ba7b39897fb376be8,2024-02-19,https://chromereleases.googleblog.com/2024/03/stable-channel-update-for-chromeos.html,Stable Channel Update for ChromeOS / ChromeOS Flex,2024-03-05T19:11:00.000-08:00,[$7000][325866363] High CVE-2024-2174: Inappropriate implementation in V8. Reported by 5f46f4ee2e17957ba7b39897fb376be8 on 2024-02-19
CVE-2024-1938,High,$7000,324596281,https://issues.chromium.org/issues/324596281,Type Confusion in V8,5f46f4ee2e17957ba7b39897fb376be8,2024-02-11,https://chromereleases.googleblog.com/2024/02/stable-channel-update-for-desktop_27.html,Stable Channel Update for Desktop,2024-02-27T11:14:00.000-08:00,[$7000][324596281] High CVE-2024-1938: Type Confusion in V8. Reported by 5f46f4ee2e17957ba7b39897fb376be8 on 2024-02-11
CVE-2024-1939,High,$7000,323694592,https://issues.chromium.org/issues/323694592,Type Confusion in V8,Bohan Liu (@P4nda20371774) of Tencent Security Xuanwu Lab,2024-02-05,https://chromereleases.googleblog.com/2024/02/stable-channel-update-for-desktop_27.html,Stable Channel Update for Desktop,2024-02-27T11:14:00.000-08:00,[$7000][323694592] High CVE-2024-1939: Type Confusion in V8. Reported by Bohan Liu (@P4nda20371774) of Tencent Security Xuanwu Lab on 2024-02-05
CVE-2024-3169,High,$17000,41491234,https://issues.chromium.org/issues/41491234,Use after free in V8,johnshoop,2024-01-14,https://chromereleases.googleblog.com/2024/01/stable-channel-update-for-desktop_30.html,Stable Channel Update for Desktop,2024-01-30T10:38:00.001-08:00,[$17000][41491234] High CVE-2024-3169: Use after free in V8. Reported by johnshoop on 2024-01-14
CVE-2024-2884,Medium,$8000,41491373,https://issues.chromium.org/issues/41491373,Out of bounds read in V8,Zhenghang Xiao (@Kipreyyy),2024-01-15,https://chromereleases.googleblog.com/2024/01/stable-channel-update-for-desktop_30.html,Stable Channel Update for Desktop,2024-01-30T10:38:00.001-08:00,[$8000][41491373] Medium CVE-2024-2884: Out of bounds read in V8. Reported by Zhenghang Xiao (@Kipreyyy) on 2024-01-15
CVE-2024-0517,High,$16000,1515930,https://issues.chromium.org/issues/1515930,Out of bounds write in V8,Toan (suto) Pham of Qrious Secure,2024-01-06,https://chromereleases.googleblog.com/2024/01/stable-channel-update-for-desktop_16.html,Stable Channel Update for Desktop,2024-01-16T10:11:00.001-08:00,[$16000][1515930] High CVE-2024-0517: Out of bounds write in V8. Reported by Toan (suto) Pham of Qrious Secure on 2024-01-06
CVE-2024-0518,High,$1000,1507412,https://issues.chromium.org/issues/1507412,Type Confusion in V8,Ganjiang Zhou(@refrain_areu) of ChaMd5-H1 team,2023-12-03,https://chromereleases.googleblog.com/2024/01/stable-channel-update-for-desktop_16.html,Stable Channel Update for Desktop,2024-01-16T10:11:00.001-08:00,[$1000][1507412] High CVE-2024-0518: Type Confusion in V8. Reported by Ganjiang Zhou(@refrain_areu) of ChaMd5-H1 team on 2023-12-03
CVE-2024-0519,High,$TBD,1517354,https://issues.chromium.org/issues/1517354,Out of bounds memory access in V8,Anonymous,2024-01-11,https://chromereleases.googleblog.com/2024/01/stable-channel-update-for-desktop_16.html,Stable Channel Update for Desktop,2024-01-16T10:11:00.001-08:00,[$TBD][1517354] High CVE-2024-0519: Out of bounds memory access in V8. Reported by Anonymous on 2024-01-11
CVE-2023-6702,High,$16000,1501326,https://issues.chromium.org/issues/1501326,Type Confusion in V8,Zhiyi Zhang and Zhunki from Codesafe Team of Legendsec at Qi'anxin Group,2023-11-10,https://chromereleases.googleblog.com/2023/12/stable-channel-update-for-desktop_12.html,Stable Channel Update for Desktop,2023-12-12T16:17:00.000-08:00,[$16000][1501326] High CVE-2023-6702: Type Confusion in V8. Reported by Zhiyi Zhang and Zhunki from Codesafe Team of Legendsec at Qi'anxin Group on 2023-11-10
CVE-2024-3174,High,$7000,40073339,https://issues.chromium.org/issues/40073339,Inappropriate implementation in V8,Alan Goodman,2023-09-25,https://chromereleases.googleblog.com/2023/10/stable-channel-update-for-desktop_31.html,Stable Channel Update for Desktop,2023-10-31T14:00:00.000-07:00,[$7000][40073339] High CVE-2024-3174: Inappropriate implementation in V8. Reported by Alan Goodman on 2023-09-25
CVE-2023-5346,High,$8000,1485829,https://issues.chromium.org/issues/1485829,Type Confusion in V8,Amit Kumar,2023-09-22,https://chromereleases.googleblog.com/2023/10/stable-channel-update-for-desktop.html,Stable Channel Update for Desktop,2023-10-03T11:54:00.000-07:00,[$8000][1485829] High CVE-2023-5346: Type Confusion in V8. Reported by Amit Kumar on 2023-09-22
CVE-2023-4762,High,$TBD,1473247,https://issues.chromium.org/issues/1473247,Type Confusion in V8,anonymous,2023-08-16,https://chromereleases.googleblog.com/2023/09/stable-channel-update-for-desktop.html,Stable Channel Update for Desktop,2023-09-05T10:25:00.001-07:00,[$TBD][1473247] High CVE-2023-4762: Type Confusion in V8. Reported by anonymous on 2023-08-16
CVE-2023-4427,High,$NA,1470668,https://issues.chromium.org/issues/1470668,Out of bounds memory access in V8,Sergei Glazunov of Google Project Zero,2023-08-07,https://chromereleases.googleblog.com/2023/08/chrome-desktop-stable-update.html,Stable Channel Update for Desktop,2023-08-22T15:03:00.002-07:00,[$NA][1470668] High CVE-2023-4427: Out of bounds memory access in V8. Reported by Sergei Glazunov of Google Project Zero on 2023-08-07
CVE-2023-4352,High,$NA,1452076,https://issues.chromium.org/issues/1452076,Type Confusion in V8,Sergei Glazunov of Google Project Zero,2023-06-07,https://chromereleases.googleblog.com/2023/08/stable-channel-update-for-desktop_15.html,Stable Channel Update for Desktop,2023-08-15T09:23:00.001-07:00,[$NA][1452076] High CVE-2023-4352: Type Confusion in V8. Reported by Sergei Glazunov of Google Project Zero on 2023-06-07
CVE-2023-4355,High,$NA,1468943,https://issues.chromium.org/issues/1468943,Out of bounds memory access in V8,Sergei Glazunov of Google Project Zero,2023-07-31,https://chromereleases.googleblog.com/2023/08/stable-channel-update-for-desktop_15.html,Stable Channel Update for Desktop,2023-08-15T09:23:00.001-07:00,[$NA][1468943] High CVE-2023-4355: Out of bounds memory access in V8. Reported by Sergei Glazunov of Google Project Zero on 2023-07-31
CVE-2023-4068,High,$23000,1466183,https://issues.chromium.org/issues/1466183,Type Confusion in V8,Jerry,2023-07-20,https://chromereleases.googleblog.com/2023/08/stable-channel-update-for-desktop.html,Stable Channel Update for Desktop,2023-08-02T12:52:00.001-07:00,[$23000][1466183] High CVE-2023-4068: Type Confusion in V8. Reported by Jerry on 2023-07-20
CVE-2023-4069,High,$21000,1465326,https://issues.chromium.org/issues/1465326,Type Confusion in V8,Man Yue Mo of GitHub Security Lab,2023-07-17,https://chromereleases.googleblog.com/2023/08/stable-channel-update-for-desktop.html,Stable Channel Update for Desktop,2023-08-02T12:52:00.001-07:00,[$21000][1465326] High CVE-2023-4069: Type Confusion in V8. Reported by Man Yue Mo of GitHub Security Lab on 2023-07-17
CVE-2023-4070,High,$20000,1462951,https://issues.chromium.org/issues/1462951,Type Confusion in V8,Jerry,2023-07-07,https://chromereleases.googleblog.com/2023/08/stable-channel-update-for-desktop.html,Stable Channel Update for Desktop,2023-08-02T12:52:00.001-07:00,[$20000][1462951] High CVE-2023-4070: Type Confusion in V8. Reported by Jerry on 2023-07-07
CVE-2023-3420,High,$20000,1452137,https://issues.chromium.org/issues/1452137,Type Confusion in V8,Man Yue Mo of GitHub Security Lab,2023-06-07,https://chromereleases.googleblog.com/2023/06/stable-channel-update-for-desktop_26.html,Stable Channel Update for Desktop,2023-06-26T13:25:00.000-07:00,[$20000][1452137] High CVE-2023-3420: Type Confusion in V8. Reported by Man Yue Mo of GitHub Security Lab on 2023-06-07
CVE-2023-3216,High,$TBD,1450114,https://issues.chromium.org/issues/1450114,Type Confusion in V8,5n1p3r0010,2023-05-31,https://chromereleases.googleblog.com/2023/06/stable-channel-update-for-desktop_13.html,Stable Channel Update for Desktop,2023-06-13T09:53:00.001-07:00,[$TBD][1450114] High CVE-2023-3216: Type Confusion in V8. Reported by 5n1p3r0010 on 2023-05-31
CVE-2023-3079,High,$NA,1450481,https://issues.chromium.org/issues/1450481,Type Confusion in V8,Clément Lecigne of Google's Threat Analysis Group,2023-06-01,https://chromereleases.googleblog.com/2023/06/stable-channel-update-for-desktop.html,Stable Channel Update for Desktop,2023-06-05T13:11:00.000-07:00,[$NA][1450481] High CVE-2023-3079: Type Confusion in V8. Reported by Clément Lecigne of Google's Threat Analysis Group on 2023-06-01
CVE-2023-2935,High,$NA,1440695,https://issues.chromium.org/issues/1440695,Type Confusion in V8,Sergei Glazunov of Google Project Zero,2023-04-27,https://chromereleases.googleblog.com/2023/05/stable-channel-update-for-desktop_30.html,Stable Channel Update for Desktop,2023-05-30T13:16:00.002-07:00,[$NA][1440695] High CVE-2023-2935: Type Confusion in V8. Reported by Sergei Glazunov of Google Project Zero on 2023-04-27
CVE-2023-2936,High,$NA,1443452,https://issues.chromium.org/issues/1443452,Type Confusion in V8,Sergei Glazunov of Google Project Zero,2023-05-08,https://chromereleases.googleblog.com/2023/05/stable-channel-update-for-desktop_30.html,Stable Channel Update for Desktop,2023-05-30T13:16:00.002-07:00,[$NA][1443452] High CVE-2023-2936: Type Confusion in V8. Reported by Sergei Glazunov of Google Project Zero on 2023-05-08
CVE-2023-2724,High,$NA,1433211,https://issues.chromium.org/issues/1433211,Type Confusion in V8,Sergei Glazunov of Google Project Zero,2023-04-14,https://chromereleases.googleblog.com/2023/05/stable-channel-update-for-desktop_16.html,Stable Channel Update for Desktop,2023-05-16T11:16:00.002-07:00,[$NA][1433211] High CVE-2023-2724: Type Confusion in V8. Reported by Sergei Glazunov of Google Project Zero on 2023-04-14
CVE-2023-2033,High,$NA,1432210,https://issues.chromium.org/issues/1432210,Type Confusion in V8,Clément Lecigne of Google's Threat Analysis Group,2023-04-11,https://chromereleases.googleblog.com/2023/04/stable-channel-update-for-desktop_14.html,Stable Channel Update for Desktop,2023-04-14T10:14:00.000-07:00,[$NA][1432210] High CVE-2023-2033: Type Confusion in V8. Reported by Clément Lecigne of Google's Threat Analysis Group on 2023-04-11
CVE-2023-1214,High,$10000,1412487,https://issues.chromium.org/issues/1412487,Type Confusion in V8,Man Yue Mo of GitHub Security Lab,2023-02-03,https://chromereleases.googleblog.com/2023/03/stable-channel-update-for-desktop.html,Stable Channel Update for Desktop,2023-03-07T13:16:00.004-08:00,[$10000][1412487] High CVE-2023-1214: Type Confusion in V8. Reported by Man Yue Mo of GitHub Security Lab on 2023-02-03
CVE-2023-0696,High,$7000,1402270,https://issues.chromium.org/issues/1402270,Type Confusion in V8,Haein Lee at KAIST Hacking Lab,2022-12-18,https://chromereleases.googleblog.com/2023/02/stable-channel-update-for-desktop.html,Stable Channel Update for Desktop,2023-02-07T11:37:00.000-08:00,[$7000][1402270] High CVE-2023-0696: Type Confusion in V8. Reported by Haein Lee at KAIST Hacking Lab on 2022-12-18
CVE-2022-4262,High,$NA,1394403,https://issues.chromium.org/issues/1394403,Type Confusion in V8,Clement Lecigne of Google's Threat Analysis Group,2022-11-29,https://chromereleases.googleblog.com/2022/12/stable-channel-update-for-desktop.html,Stable Channel Update for Desktop,2022-12-02T12:04:00.001-08:00,[$NA][1394403] High CVE-2022-4262: Type Confusion in V8. Reported by Clement Lecigne of Google's Threat Analysis Group on 2022-11-29
CVE-2022-4174,High,$15000,1379054,https://issues.chromium.org/issues/1379054,Type Confusion in V8,Zhenghang Xiao (@Kipreyyy),2022-10-27,https://chromereleases.googleblog.com/2022/11/stable-channel-update-for-desktop_29.html,Stable Channel Update for Desktop,2022-11-29T14:34:00.005-08:00,[$15000][1379054] High CVE-2022-4174: Type Confusion in V8. Reported by Zhenghang Xiao (@Kipreyyy) on 2022-10-27
CVE-2022-3885,High,$21000,1377816,https://issues.chromium.org/issues/1377816,Use after free in V8,gzobqq@,2022-10-24,https://chromereleases.googleblog.com/2022/11/stable-channel-update-for-desktop.html,Stable Channel Update for Desktop,2022-11-08T14:29:00.000-08:00,[$21000][1377816] High CVE-2022-3885: Use after free in V8. Reported by gzobqq@ on 2022-10-24
CVE-2022-3889,High,$TBD,1380063,https://issues.chromium.org/issues/1380063,Type Confusion in V8,anonymous,2022-11-01,https://chromereleases.googleblog.com/2022/11/stable-channel-update-for-desktop.html,Stable Channel Update for Desktop,2022-11-08T14:29:00.000-08:00,[$TBD][1380063] High CVE-2022-3889: Type Confusion in V8. Reported by anonymous on 2022-11-01
CVE-2022-3723,High,$TBD,1378239,https://issues.chromium.org/issues/1378239,Type Confusion in V8,"Jan Vojtěšek, Milánek, and Przemek Gmerek of Avast",2022-10-25,https://chromereleases.googleblog.com/2022/10/stable-channel-update-for-desktop_27.html,Stable Channel Update for Desktop,2022-10-27T13:28:00.000-07:00,"[$TBD][1378239] High CVE-2022-3723: Type Confusion in V8. Reported by Jan Vojtěšek, Milánek, and Przemek Gmerek of Avast on 2022-10-25"
CVE-2022-3652,High,$20000,1369871,https://issues.chromium.org/issues/1369871,Type Confusion in V8,srodulv and ZNMchtss at S.S.L Team,2022-09-30,https://chromereleases.googleblog.com/2022/10/stable-channel-update-for-desktop_25.html,Stable Channel Update for Desktop,2022-10-25T11:08:00.003-07:00,[$20000][1369871] High CVE-2022-3652: Type Confusion in V8. Reported by srodulv and ZNMchtss at S.S.L Team on 2022-09-30
CVE-2022-3373,High,$10000,1366399,https://issues.chromium.org/issues/1366399,Out of bounds write in V8,Tibor Klajnscek,2022-09-21,https://chromereleases.googleblog.com/2022/09/stable-channel-update-for-desktop_30.html,Stable Channel Update for Desktop,2022-09-30T09:16:00.000-07:00,[$10000][1366399] High CVE-2022-3373: Out of bounds write in V8. Reported by Tibor Klajnscek on 2022-09-21
CVE-2022-3045,High,$TBD,1339648,https://issues.chromium.org/issues/1339648,Insufficient validation of untrusted input in V8,Ben Noordhuis <info@bnoordhuis.nl>,2022-06-26,https://chromereleases.googleblog.com/2022/08/stable-channel-update-for-desktop_30.html,Stable Channel Update for Desktop,2022-08-30T11:08:00.003-07:00,[$TBD][1339648] High CVE-2022-3045: Insufficient validation of untrusted input in V8. Reported by Ben Noordhuis <info@bnoordhuis.nl> on 2022-06-26
CVE-2022-2295,High,$7500,1336869,https://issues.chromium.org/issues/1336869,Type Confusion in V8,avaue and Buff3tts at S.S.L.,2022-06-16,https://chromereleases.googleblog.com/2022/07/chrome-for-android-update.html,Chrome for Android Update,2022-07-04T12:30:00.003-07:00,[$7500][1336869] High CVE-2022-2295: Type Confusion in V8. Reported by avaue and Buff3tts at S.S.L. on 2022-06-16
CVE-2022-2158,High,$7500,1321078,https://issues.chromium.org/issues/1321078,Type Confusion in V8,Bohan Liu (@P4nda20371774) of Tencent Security Xuanwu Lab,2022-04-29,https://chromereleases.googleblog.com/2022/06/stable-channel-update-for-desktop_21.html,Stable Channel Update for Desktop,2022-06-21T12:27:00.006-07:00,[$7500][1321078] High CVE-2022-2158: Type Confusion in V8. Reported by Bohan Liu (@P4nda20371774) of Tencent Security Xuanwu Lab on 2022-04-29
CVE-2022-1869,Medium,$NA,1309467,https://issues.chromium.org/issues/1309467,Type Confusion in V8,Man Yue Mo of GitHub Security Lab,2022-03-23,https://chromereleases.googleblog.com/2022/05/stable-channel-update-for-desktop_24.html,Stable Channel Update for Desktop,2022-05-24T12:01:00.001-07:00,[$NA][1309467] Medium CVE-2022-1869: Type Confusion in V8. Reported by Man Yue Mo of GitHub Security Lab on 2022-03-23
CVE-2022-1638,High,$TBD,1316946,https://issues.chromium.org/issues/1316946,Heap buffer overflow in V8 Internationalization,"DoHyun Lee (@l33d0hyun) of DNSLab, Korea University",2022-04-17,https://chromereleases.googleblog.com/2022/05/stable-channel-update-for-desktop_10.html,Stable Channel Update for Desktop,2022-05-10T11:51:00.000-07:00,"[$TBD][1316946] High CVE-2022-1638: Heap buffer overflow in V8 Internationalization. Reported by DoHyun Lee (@l33d0hyun) of DNSLab, Korea University on 2022-04-17"
CVE-2022-1486,Medium,$7500,1314616,https://issues.chromium.org/issues/1314616,Type Confusion in V8,Brendon Tiszka,2022-04-08,https://chromereleases.googleblog.com/2022/04/stable-channel-update-for-desktop_26.html,Stable Channel Update for Desktop,2022-04-26T13:04:00.004-07:00,[$7500][1314616] Medium CVE-2022-1486: Type Confusion in V8. Reported by Brendon Tiszka on 2022-04-08
CVE-2022-1364,High,$NA,1315901,https://issues.chromium.org/issues/1315901,Type Confusion in V8,Clément Lecigne of Google's Threat Analysis Group,2022-04-13,https://chromereleases.googleblog.com/2022/04/chrome-for-android-update_01436352408.html,Chrome for Android Update,2022-04-14T17:00:00.001-07:00,[$NA][1315901] High CVE-2022-1364: Type Confusion in V8. Reported by Clément Lecigne of Google's Threat Analysis Group on 2022-04-13
CVE-2022-1314,Medium,$TBD,1304658,https://issues.chromium.org/issues/1304658,Type Confusion in V8,Bohan Liu (@P4nda20371774) and exp-sky of Tencent Security Xuanwu Lab,2022-03-09,https://chromereleases.googleblog.com/2022/04/stable-channel-update-for-desktop_11.html,Stable Channel Update for Desktop,2022-04-11T12:00:00.005-07:00,[$TBD][1304658] Medium CVE-2022-1314: Type Confusion in V8. Reported by Bohan Liu (@P4nda20371774) and exp-sky of Tencent Security Xuanwu Lab on 2022-03-09
CVE-2022-1232,High,$NA,1311641,https://issues.chromium.org/issues/1311641,Type Confusion in V8,Sergei Glazunov of Google Project Zero,2022-03-30,https://chromereleases.googleblog.com/2022/04/stable-channel-update-for-desktop.html,Stable Channel Update for Desktop,2022-04-04T12:55:00.001-07:00,[$NA][1311641] High CVE-2022-1232: Type Confusion in V8. Reported by Sergei Glazunov of Google Project Zero on 2022-03-30
CVE-2022-1134,High,$TBD,1308360,https://issues.chromium.org/issues/1308360,Type Confusion in V8,Man Yue Mo of GitHub Security Lab,2022-03-21,https://chromereleases.googleblog.com/2022/03/stable-channel-update-for-desktop_29.html,Stable Channel Update for Desktop,2022-03-29T11:25:00.005-07:00,[$TBD][1308360] High CVE-2022-1134: Type Confusion in V8. Reported by Man Yue Mo of GitHub Security Lab on 2022-03-21
CVE-2022-1096,High,$TBD,1309225,https://issues.chromium.org/issues/1309225,Type Confusion in V8,anonymous,2022-03-23,https://chromereleases.googleblog.com/2022/03/stable-channel-update-for-desktop_25.html,Stable Channel Update for Desktop,2022-03-25T11:27:00.000-07:00,[$TBD][1309225] High CVE-2022-1096: Type Confusion in V8. Reported by anonymous on 2022-03-23
CVE-2022-0457,High,$5000,1274445,https://issues.chromium.org/issues/1274445,Type Confusion in V8,rax of the Group0x58,2021-11-29,https://chromereleases.googleblog.com/2022/02/stable-channel-update-for-desktop.html,Stable Channel Update for Desktop,2022-02-01T14:43:00.006-08:00,[$5000][1274445] High CVE-2022-0457: Type Confusion in V8. Reported by rax of the Group0x58 on 2021-11-29
CVE-2022-0470,Low,$TBD,1269225,https://issues.chromium.org/issues/1269225,Out of bounds memory access in V8,Looben Yang,2021-11-11,https://chromereleases.googleblog.com/2022/02/stable-channel-update-for-desktop.html,Stable Channel Update for Desktop,2022-02-01T14:43:00.006-08:00,[$TBD][1269225] Low CVE-2022-0470: Out of bounds memory access in V8. Reported by Looben Yang on 2021-11-11
CVE-2022-0102,High,$TBD,1260129,https://issues.chromium.org/issues/1260129,Type Confusion in V8,Brendon Tiszka,2021-10-14,https://chromereleases.googleblog.com/2022/01/stable-channel-update-for-desktop.html,Stable Channel Update for Desktop,2022-01-04T13:23:00.002-08:00,[$TBD][1260129] High CVE-2022-0102: Type Confusion in V8 . Reported by Brendon Tiszka on 2021-10-14
CVE-2021-4102,High,$TBD,1278387,https://issues.chromium.org/issues/1278387,Use after free in V8,Anonymous,2021-12-09,https://chromereleases.googleblog.com/2021/12/stable-channel-update-for-desktop_13.html,Stable Channel Update for Desktop,2021-12-13T12:08:00.000-08:00,[$TBD][1278387] High CVE-2021-4102: Use after free in V8. Reported by Anonymous on 2021-12-09
CVE-2021-4078,High,$5000,1268738,https://issues.chromium.org/issues/1268738,Type confusion in V8,Nan Wang(@eternalsakura13) and Guang Gong of 360 Alpha Lab,2021-11-09,https://chromereleases.googleblog.com/2021/12/stable-channel-update-for-desktop.html,Stable Channel Update for Desktop,2021-12-06T13:43:00.004-08:00,[$5000][1268738] High CVE-2021-4078: Type confusion in V8. Reported by Nan Wang(@eternalsakura13) and Guang Gong of 360 Alpha Lab on 2021-11-09
CVE-2021-4061,High,$TBD,1271456,https://issues.chromium.org/issues/1271456,Type Confusion in V8,Paolo Severini,2021-11-18,https://chromereleases.googleblog.com/2021/12/stable-channel-update-for-desktop.html,Stable Channel Update for Desktop,2021-12-06T13:43:00.004-08:00,[$TBD][1271456] High CVE-2021-4061: Type Confusion in V8. Reported by Paolo Severini on 2021-11-18
CVE-2021-38007,High,$TBD,1254189,https://issues.chromium.org/issues/1254189,Type Confusion in V8,SGFvamll,2021-09-29,https://chromereleases.googleblog.com/2021/11/stable-channel-update-for-desktop.html,Stable Channel Update for Desktop,2021-11-15T00:59:00.005-08:00,[$TBD][1254189] High CVE-2021-38007: Type Confusion in V8. Reported by SGFvamll on 2021-09-29
CVE-2021-38012,Medium,$15000,1262791,https://issues.chromium.org/issues/1262791,Type Confusion in V8,Yonghwi Jin (@jinmo123),2021-10-24,https://chromereleases.googleblog.com/2021/11/stable-channel-update-for-desktop.html,Stable Channel Update for Desktop,2021-11-15T00:59:00.005-08:00,[$15000][1262791] Medium CVE-2021-38012: Type Confusion in V8. Reported by Yonghwi Jin (@jinmo123) on 2021-10-24
CVE-2021-38001,High,$N/A,1260577,https://issues.chromium.org/issues/1260577,Type Confusion in V8,@s0rrymybad of Kunlun Lab via Tianfu Cup,2021-10-16,https://chromereleases.googleblog.com/2021/10/stable-channel-update-for-desktop_28.html,Stable Channel Update for Desktop,2021-10-28T14:00:00.003-07:00,[$N/A][1260577] High CVE-2021-38001 : Type Confusion in V8. Reported by @s0rrymybad of Kunlun Lab via Tianfu Cup on 2021-10-16
CVE-2021-38003,High,$N/A,1263462,https://issues.chromium.org/issues/1263462,Inappropriate implementation in V8,Clément Lecigne from Google TAG and Samuel Groß from Google Project Zero,2021-10-26,https://chromereleases.googleblog.com/2021/10/stable-channel-update-for-desktop_28.html,Stable Channel Update for Desktop,2021-10-28T14:00:00.003-07:00,[$N/A][1263462] High CVE-2021-38003 : Inappropriate implementation in V8. Reported by Clément Lecigne from Google TAG and Samuel Groß from Google Project Zero on 2021-10-26
CVE-2021-37985,High,$5000,1241860,https://issues.chromium.org/issues/1241860,Use after free in V8,Yangkang (@dnpushme) of 360 ATA,2021-08-20,https://chromereleases.googleblog.com/2021/10/stable-channel-update-for-desktop_19.html,Stable Channel Update for Desktop,2021-10-19T11:41:00.000-07:00,[$5000][1241860] High CVE-2021-37985 : Use after free in V8. Reported by Yangkang (@dnpushme) of 360 ATA on 2021-08-20
CVE-2021-37991,Medium,$TBD,1250660,https://issues.chromium.org/issues/1250660,Race in V8,Samuel Groß of Google Project Zero,2021-09-17,https://chromereleases.googleblog.com/2021/10/stable-channel-update-for-desktop_19.html,Stable Channel Update for Desktop,2021-10-19T11:41:00.000-07:00,[$TBD][1250660] Medium CVE-2021-37991 : Race in V8. Reported by Samuel Groß of Google Project Zero on 2021-09-17
CVE-2021-37975,High,$TBD,1252918,https://issues.chromium.org/issues/1252918,Use after free in V8,Anonymous,2021-09-24,https://chromereleases.googleblog.com/2021/09/stable-channel-update-for-desktop_30.html,Stable Channel Update for Desktop,2021-09-30T12:13:00.002-07:00,[$TBD][1252918] High CVE-2021-37975 : Use after free in V8. Reported by Anonymous on 2021-09-24
CVE-2021-30632,High,$TBD,1247763,https://issues.chromium.org/issues/1247763,Out of bounds write in V8,Anonymous,2021-09-08,https://chromereleases.googleblog.com/2021/09/stable-channel-update-for-desktop.html,Stable Channel Update for Desktop,2021-09-13T13:23:00.004-07:00,[$TBD][1247763] High CVE-2021-30632: Out of bounds write in V8. Reported by Anonymous on 2021-09-08
CVE-2021-30598,High,$21000,1234764,https://issues.chromium.org/issues/1234764,Type Confusion in V8,Manfred Paul,2021-07-30,https://chromereleases.googleblog.com/2021/08/stable-channel-update-for-desktop.html,Stable Channel Update for Desktop,2021-08-16T18:19:00.000-07:00,[$21000][1234764] High CVE-2021-30598: Type Confusion in V8. Reported by Manfred Paul on 2021-07-30
CVE-2021-30599,High,$21000,1234770,https://issues.chromium.org/issues/1234770,Type Confusion in V8,Manfred Paul,2021-07-30,https://chromereleases.googleblog.com/2021/08/stable-channel-update-for-desktop.html,Stable Channel Update for Desktop,2021-08-16T18:19:00.000-07:00,[$21000][1234770] High CVE-2021-30599: Type Confusion in V8. Reported by Manfred Paul on 2021-07-30
CVE-2021-30588,Low,$5000,1195650,https://issues.chromium.org/issues/1195650,Type Confusion in V8,Jose Martinez (tr0y4) from VerSprite Inc.,2021-04-04,https://chromereleases.googleblog.com/2021/07/stable-channel-update-for-desktop_20.html,Stable Channel Update for Desktop,2021-07-20T14:27:00.005-07:00,[$5000][1195650] Low CVE-2021-30588: Type Confusion in V8. Reported by Jose Martinez (tr0y4) from VerSprite Inc. on 2021-04-04
CVE-2021-30541,High,$5000,1214842,https://issues.chromium.org/issues/1214842,Use after free in V8,Richard Wheeldon,2021-05-31,https://chromereleases.googleblog.com/2021/07/stable-channel-update-for-desktop.html,Stable Channel Update for Desktop,2021-07-15T11:42:00.000-07:00,[$5000][1214842] High CVE-2021-30541: Use after free in V8. Reported by Richard Wheeldon on 2021-05-31
CVE-2021-30561,High,$TBD,1219630,https://issues.chromium.org/issues/1219630,Type Confusion in V8,Sergei Glazunov of Google Project Zero,2021-06-14,https://chromereleases.googleblog.com/2021/07/stable-channel-update-for-desktop.html,Stable Channel Update for Desktop,2021-07-15T11:42:00.000-07:00,[$TBD][1219630] High CVE-2021-30561: Type Confusion in V8. Reported by Sergei Glazunov of Google Project Zero on 2021-06-14
CVE-2021-30563,High,$TBD,1228407,https://issues.chromium.org/issues/1228407,Type Confusion in V8,Anonymous,2021-07-12,https://chromereleases.googleblog.com/2021/07/stable-channel-update-for-desktop.html,Stable Channel Update for Desktop,2021-07-15T11:42:00.000-07:00,[$TBD][1228407] High CVE-2021-30563: Type Confusion in V8. Reported by Anonymous on 2021-07-12
CVE-2021-30551,High,$NA,1216437,https://issues.chromium.org/issues/1216437,Type Confusion in V8,Clement Lecigne of Google's Threat Analysis Group and Sergei Glazunov of Google Project Zero,2021-06-04,https://chromereleases.googleblog.com/2021/06/stable-channel-update-for-desktop.html,Stable Channel Update for Desktop,2021-06-09T11:41:00.001-07:00,[$NA][1216437] High CVE-2021-30551: Type Confusion in V8. Reported by Clement Lecigne of Google's Threat Analysis Group and Sergei Glazunov of Google Project Zero on 2021-06-04
CVE-2021-30536,Low,$15000,1194358,https://issues.chromium.org/issues/1194358,Out of bounds read in V8,Chris Salls (@salls),2021-03-31,https://chromereleases.googleblog.com/2021/05/stable-channel-update-for-desktop_25.html,Stable Channel Update for Desktop,2021-05-25T12:17:00.006-07:00,[$15000][1194358] Low CVE-2021-30536: Out of bounds read in V8. Reported by Chris Salls (@salls) on 2021-03-31
CVE-2021-30513,High,$NA,1200490,https://issues.chromium.org/issues/1200490,Type Confusion in V8,Man Yue Mo of GitHub Security Lab,2021-04-19,https://chromereleases.googleblog.com/2021/05/stable-channel-update-for-desktop.html,Stable Channel Update for Desktop,2021-05-10T12:28:00.000-07:00,[$NA][1200490] High CVE-2021-30513: Type Confusion in V8. Reported by Man Yue Mo of GitHub Security Lab on 2021-04-19
CVE-2021-30517,High,$TBD,1203122,https://issues.chromium.org/issues/1203122,Type Confusion in V8,laural,2021-04-27,https://chromereleases.googleblog.com/2021/05/stable-channel-update-for-desktop.html,Stable Channel Update for Desktop,2021-05-10T12:28:00.000-07:00,[$TBD][1203122] High CVE-2021-30517: Type Confusion in V8. Reported by laural on 2021-04-27
CVE-2021-21227,High,$15000,1199345,https://issues.chromium.org/issues/1199345,Insufficient data validation in V8,Anonymous,2021-04-15,https://chromereleases.googleblog.com/2021/04/stable-channel-update-for-desktop_26.html,Stable Channel Update for Desktop,2021-04-26T13:07:00.005-07:00,[$15000][1199345] High CVE-2021-21227: Insufficient data validation in V8. Reported by Anonymous on 2021-04-15
CVE-2021-21230,Medium,$TBD,1198705,https://issues.chromium.org/issues/1198705,Type Confusion in V8,Manfred Paul,2021-04-13,https://chromereleases.googleblog.com/2021/04/stable-channel-update-for-desktop_26.html,Stable Channel Update for Desktop,2021-04-26T13:07:00.005-07:00,[$TBD][1198705] Medium CVE-2021-21230: Type Confusion in V8. Reported by Manfred Paul on 2021-04-13
CVE-2021-21231,Low,$NA,1198696,https://issues.chromium.org/issues/1198696,Insufficient data validation in V8,Sergei Glazunov of Google Project Zero,2021-04-13,https://chromereleases.googleblog.com/2021/04/stable-channel-update-for-desktop_26.html,Stable Channel Update for Desktop,2021-04-26T13:07:00.005-07:00,[$NA][1198696] Low CVE-2021-21231: Insufficient data validation in V8. Reported by Sergei Glazunov of Google Project Zero on 2021-04-13
CVE-2021-21222,High,$TBD,1194046,https://issues.chromium.org/issues/1194046,Heap buffer overflow in V8,"Guang Gong of Alpha Lab, Qihoo 360",2021-03-30,https://chromereleases.googleblog.com/2021/04/stable-channel-update-for-desktop_20.html,Stable Channel Update for Desktop,2021-04-20T12:36:00.001-07:00,"[$TBD][1194046] High CVE-2021-21222: Heap buffer overflow in V8. Reported by Guang Gong of Alpha Lab, Qihoo 360 on 2021-03-30"
CVE-2021-21224,High,$TBD,1195777,https://issues.chromium.org/issues/1195777,Type Confusion in V8,Jose Martinez (tr0y4) from VerSprite Inc.,2021-04-05,https://chromereleases.googleblog.com/2021/04/stable-channel-update-for-desktop_20.html,Stable Channel Update for Desktop,2021-04-20T12:36:00.001-07:00,[$TBD][1195777] High CVE-2021-21224: Type Confusion in V8. Reported by Jose Martinez (tr0y4) from VerSprite Inc. on 2021-04-05
CVE-2021-21225,High,$22000 + $22000,1195977,https://issues.chromium.org/issues/1195977,Out of bounds memory access in V8,Brendon Tiszka (@btiszka) supporting the EFF,2021-04-05,https://chromereleases.googleblog.com/2021/04/stable-channel-update-for-desktop_20.html,Stable Channel Update for Desktop,2021-04-20T12:36:00.001-07:00,[$22000 + $22000][1195977] High CVE-2021-21225: Out of bounds memory access in V8. Reported by Brendon Tiszka (@btiszka) supporting the EFF on 2021-04-05
